Date,AMTM,PLTR,DELL,ERIE,KKR,CRWD,GDDY,VST,GEV,SOLV,SMCI,DECK,UBER,JBL,BLDR,HUBB,LULU,VLTO,BX,ABNB,KVUE,PANW,AXON,FICO,BG,PODD,GEHC,STLD,FSLR,MBC,ACGL,TRGP,PCG,EQT,CSGP,INVH,KDP,ON,VICI,CPT,MOH,NDSN,CEG,SBNY,SEDG,FDS,EPAM,MTCH,CDAY,BRO,TECH,MRNA,OGN,CRL,PTC,NXPI,PENN,GNRC,CZR,MPWR,TRMB,ENPH,TSLA,VNT,POOL,ETSY,TER,CTLT,BIO,TDY,TYL,WST,DPZ,DXCM,OTIS,CARR,HWM,IR,PAYC,LYV,ZBRA,STE,ODFL,WRB,NOW,LVS,NVR,CDW,LDOS,IEX,TMUS,MKTX,AMCR,BMS,DD,CTVA,DOW,WAB,ATO,TFX,FRC,CE,LW,MXIM,FANG,JKHY,KEYS,FTNT,ROL,WCG,ANET,CPRT,FLT,BR,HFC,TWTR,EVRG,ABMD,MSCI,TTWO,SIVB,NKTR,IPGP,HII,NCLH
2000-01-03 00:00:00+00:00,,,,15.383935928344727,,,,,,,,0.14583300054073334,,26.978731155395508,,13.430480003356934,,,,,,,,15.066593170166016,,,,2.5700087547302246,,,1.2777780294418335,,11.613929748535156,3.2002999782562256,3.137500047683716,,,,,8.291529655456543,,8.783649444580078,,,,20.789377212524414,,7.163970470428467,,1.823528528213501,6.114401340484619,,,,62.8125,,0.5369660258293152,,,,4.1458330154418945,,,,3.8472273349761963,,57.20858383178711,,11.3125,9.375,5.875,5.418284893035889,,,,,,,,,25.02777862548828,7.394636154174805,0.47875720262527466,0.8064212799072266,,,46.5625,,,9.243860244750977,,,,10.159932136535645,28.92699432373047,,,7.880463600158691,7.92569637298584,22.096473693847656,,,,,,10.085378646850586,,,0.63749760389328,,,0.8125,,,,,5.3071441650390625,,,9.124436378479004,,20.84375,,,
2000-01-04 00:00:00+00:00,,,,14.858268737792969,,,,,,,,0.140625,,25.108901977539062,,13.181198120117188,,,,,,,,14.423937797546387,,,,2.4289097785949707,,,1.2708330154418945,,12.126852035522461,3.3075733184814453,3.237499952316284,,,,,8.078925132751465,,8.549861907958984,,,,19.210432052612305,,6.587558269500732,,1.823528528213501,5.765946865081787,,,,50.0,,0.5299010276794434,,,,4.0729169845581055,,,,3.7741215229034424,,55.473243713378906,,10.96875,9.125,6.0,5.474257469177246,,,,,,,,,24.666667938232422,7.1649861335754395,0.46811819076538086,0.7816076874732971,,,46.0,,,8.822816848754883,,,,9.740277290344238,28.136341094970703,,,7.765832424163818,7.728167533874512,21.610363006591797,,,,,,9.264473915100098,,,0.632250964641571,,,0.7109379768371582,,,,,5.488070487976074,,,8.874451637268066,,22.0,,,
2000-01-05 00:00:00+00:00,,,,13.235098838806152,,,,,,,,0.14236100018024445,,25.060340881347656,,13.118873596191406,,,,,,,,14.281128883361816,,,,2.6103222370147705,,,1.388888955116272,,12.932870864868164,3.4029250144958496,3.143749952316284,,,,,8.098250389099121,,8.605525970458984,,,,19.210432052612305,,6.340525150299072,,1.817508339881897,5.680477142333984,,,,50.0,,0.5228350162506104,,,,3.8177080154418945,,,,3.7741215229034424,,54.25849533081055,,10.875,9.5,6.1875,5.451868534088135,,,,,,,,,25.13888931274414,7.119059085845947,0.5266333222389221,0.7692010998725891,,,45.875,,,8.784536361694336,,,,9.904287338256836,29.0496883392334,,,7.737180233001709,7.9750752449035645,22.936141967773438,,,,,,9.452108383178711,,,0.6296272277832031,,,0.7057290077209473,,,,,5.769510269165039,,,8.83278751373291,,22.015625,,,
2000-01-06 00:00:00+00:00,,,,14.29640007019043,,,,,,,,0.15451399981975555,,24.258995056152344,,12.962824821472168,,,,,,,,13.888392448425293,,,,2.6405580043792725,,,1.375,,13.042778015136719,3.4446449279785156,3.0999999046325684,,,,,8.252875328063965,,8.488636016845703,,,,18.651226043701172,,6.60402774810791,,1.817508339881897,5.476662635803223,,,,47.96875,,0.49457401037216187,,,,3.8541669845581055,,,,3.600494861602783,,51.59761047363281,,11.0,9.25,6.1875,5.395894527435303,,,,,,,,,23.77777862548828,7.256846904754639,0.47875720262527466,0.8138648867607117,,,45.875,,,8.784536361694336,,,,9.904287338256836,29.86760139465332,,,7.42195987701416,7.851620674133301,22.936141967773438,,,,,,9.358288764953613,,,0.634874165058136,,,0.65625,,,,,5.729306697845459,,,8.749459266662598,,22.84375,,,
2000-01-07 00:00:00+00:00,,,,14.483695983886719,,,,,,,,0.14930599927902222,,25.108901977539062,,13.648359298706055,,,,,,,,14.174019813537598,,,,2.731264114379883,,,1.451388955116272,,13.042778015136719,3.4982805252075195,3.0531249046325684,,,,,8.407491683959961,,8.516468048095703,,,,18.552547454833984,,6.571090221405029,,1.8415833711624146,5.466801166534424,,,,48.28125,,0.49457401037216187,,,,3.8541669845581055,,,,3.582216739654541,,52.696685791015625,,11.0,9.5625,5.9375,5.451868534088135,,,,,,,,,23.51388931274414,7.1649861335754395,0.47875720262527466,0.8014582991600037,,,46.75,,,9.03333854675293,,,,10.105072975158691,30.535585403442383,,,7.135397911071777,7.92569637298584,23.643232345581055,,,,,,9.358288764953613,,,0.6401210427284241,,,0.7317709922790527,,,,,5.668994903564453,,,8.999444007873535,,23.0,,,
2000-01-10 00:00:00+00:00,,,,15.107995986938477,,,,,,,,0.13888899981975555,,26.517349243164062,,14.053695678710938,,,,,,,,14.727412223815918,,,,2.8219709396362305,,,1.5,,12.78631591796875,3.396965265274048,3.0687499046325684,,,,,8.310853004455566,,8.394004821777344,,,,16.87491798400879,,7.345128536224365,,1.8716745376586914,6.199870586395264,,,,48.4375,,0.48044300079345703,,,,4.1041669845581055,,,,3.609630823135376,,57.32429122924805,,11.25,9.75,6.1875,5.563817501068115,,,,,,,,,24.30555534362793,7.256846904754639,0.5319527387619019,0.7940141558647156,,,47.375,,,9.129027366638184,,,,9.977245330810547,29.7585391998291,,,7.221367359161377,7.826930999755859,24.306129455566406,,,,,,9.704242706298828,,,0.6453679800033569,,,0.7421879768371582,,,,,5.568482875823975,,,9.16610050201416,,25.0,,,
2000-01-11 00:00:00+00:00,,,,14.983125686645508,,,,,,,,0.16319400072097778,,25.837406158447266,,13.835323333740234,,,,,,,,15.030889511108398,,,,2.70102858543396,,,1.513888955116272,,12.603131294250488,3.355250597000122,3.25,,,,,8.272201538085938,,8.583266258239746,,,,17.647939682006836,,6.859295845031738,,1.9077833890914917,6.429985046386719,,,,47.65625,,0.4733780026435852,,,,4.125,,,,3.5639402866363525,,55.64677047729492,,11.5,9.375,5.5,5.4070892333984375,,,,,,,,,24.47222137451172,7.119059085845947,0.4627985656261444,0.7816076874732971,,,47.5,,,9.129027366638184,,,,9.922380447387695,29.472274780273438,,,7.020773887634277,7.826930999755859,23.95257568359375,,,,,,9.74528694152832,,,0.6427447199821472,,,0.7122399806976318,,,,,5.608689785003662,,,8.957779884338379,,25.1875,,,
2000-01-12 00:00:00+00:00,,,,14.858268737792969,,,,,,,,0.16666699945926666,,25.594579696655273,,13.835323333740234,,,,,,,,14.673858642578125,,,,2.8421266078948975,,,1.513888955116272,,12.896225929260254,3.3492894172668457,3.362499952316284,,,,,8.233541488647461,,8.627793312072754,,,,17.02294921875,,6.48874568939209,,1.9077833890914917,6.56147575378418,,,,48.125,,0.4769099950790405,,,,3.9270830154418945,,,,3.4542810916900635,,56.51444625854492,,11.625,9.375,5.8125,5.440676689147949,,,,,,,,,23.86111068725586,8.083575248718262,0.4947158694267273,0.7791266441345215,,,47.8125,,,9.148162841796875,,,,10.0869779586792,30.04481315612793,,,6.648242950439453,7.70347785949707,24.040956497192383,,,,,,9.698378562927246,,,0.6427447199821472,,,0.7135419845581055,,,,,5.568482875823975,,,8.666131973266602,,26.125,,,
2000-01-13 00:00:00+00:00,,,,15.170419692993164,,,,,,,,0.1753470003604889,,25.254615783691406,,14.053695678710938,,,,,,,,14.709564208984375,,,,2.8723630905151367,,,1.5833330154418945,,12.896225929260254,3.3910062313079834,3.637500047683716,,,,,8.310853004455566,,8.616657257080078,,,,17.401235580444336,,7.114563465118408,,1.9288467168807983,6.617359638214111,,,,51.5625,,0.4733780026435852,,,,4.09375,,,,3.344621419906616,,56.22522735595703,,10.875,9.25,5.6875,5.530231952667236,,,,,,,,,23.94444465637207,8.542868614196777,0.4947158694267273,0.7741634249687195,,,48.875,,,9.345067977905273,,,,10.0869779586792,30.099340438842773,,,6.705554485321045,7.555332183837891,24.792247772216797,,,,,,9.757015228271484,,,0.6401210427284241,,,0.7213540077209473,,,,,5.508174419403076,,,9.291092872619629,,27.6875,,,
2000-01-14 00:00:00+00:00,,,,15.045564651489258,,,,,,,,0.16319400072097778,,25.934545516967773,,13.929048538208008,,,,,,,,14.995186805725098,,,,2.8824405670166016,,,1.6527780294418335,,12.78631591796875,3.3790884017944336,3.799999952316284,,,,,8.310853004455566,,8.572126388549805,,,,18.059131622314453,,6.678137302398682,,1.9198193550109863,7.061147689819336,,,,49.53125,,0.4769099950790405,,,,3.84375,,,,3.5456619262695312,,62.93524169921875,,11.3125,9.5625,5.8125,5.459540843963623,,,,,,,,,26.63888931274414,8.359152793884277,0.4840767979621887,0.759276807308197,,,48.8125,,,9.479668617248535,,,,9.941057205200195,30.317447662353516,,,6.3330230712890625,7.431881427764893,24.924821853637695,,,,,,9.897744178771973,,,0.6427447199821472,,,0.7304689884185791,,,,,5.327247142791748,,,9.541077613830566,,30.125,,,
2000-01-18 00:00:00+00:00,,,,15.045564651489258,,,,,,,,0.16666699945926666,,25.98310089111328,,14.022289276123047,,,,,,,,15.20940113067627,,,,2.892519235610962,,,1.7222219705581665,,12.822953224182129,3.396965265274048,3.8062500953674316,,,,,8.310853004455566,,8.31607723236084,,,,18.585445404052734,,6.859295845031738,,1.913800597190857,7.074296474456787,,,,49.84375,,0.4733780026435852,,,,3.90625,,,,3.5273871421813965,,64.49700927734375,,11.5625,9.625,6.0,5.482054233551025,,,,,,,,,26.47222137451172,8.175434112548828,0.5106746554374695,0.7716827392578125,,,47.75,,,9.36429500579834,,,,9.758370399475098,28.42262840270996,,,6.304366111755371,7.407186985015869,25.322566986083984,,,,,,10.36683177947998,,,0.634874165058136,,,0.7356770038604736,,,,,5.1664252281188965,,,9.332756996154785,,33.5625,,,
2000-01-19 00:00:00+00:00,,,,14.983125686645508,,,,,,,,0.16666699945926666,,26.420209884643555,,14.333885192871094,,,,,,,,15.619986534118652,,,,2.786696672439575,,,1.763888955116272,,13.116048812866211,3.4088845252990723,3.950000047683716,,,,,8.426820755004883,,8.549861907958984,,,,19.457143783569336,,6.859295845031738,,1.895747423171997,7.271534442901611,,,,55.0,,0.48044300079345703,,,,3.9583330154418945,,,,3.4542810916900635,,71.49627685546875,,11.375,9.6875,5.9375,5.493310451507568,,,,,,,,,26.30555534362793,7.8079986572265625,0.5266333222389221,0.7791266441345215,,,47.75,,,9.479668617248535,,,,9.758370399475098,28.177242279052734,,,6.418990135192871,7.357809066772461,25.101598739624023,,,,,,10.566189765930176,,,0.632250964641571,,,0.7526040077209473,,,,,5.387557029724121,,,8.874451637268066,,35.6875,,,
2000-01-20 00:00:00+00:00,,,,14.920703887939453,,,,,,,,0.1640630066394806,,27.367258071899414,,13.773003578186035,,,,,,,,15.459322929382324,,,,2.811892509460449,,,1.7222219705581665,,12.896225929260254,3.385047197341919,3.5,,,,,8.426820755004883,,8.460803031921387,,,,19.605167388916016,,7.05692195892334,,1.9077833890914917,7.149906635284424,,,,55.15625,,0.4733780026435852,,,,4.0208330154418945,,,,3.436004400253296,,68.77755737304688,,11.0,9.4375,5.875,5.470797538757324,,,,,,,,,27.22222137451172,7.762071132659912,0.5425920486450195,0.7369446158409119,,,48.25,,,9.652721405029297,,,,9.466531753540039,27.43770980834961,,,6.418990135192871,7.333115100860596,24.482898712158203,,,,,,10.67173957824707,,,0.63749760389328,,,0.8190100193023682,,,,,5.266939163208008,,,8.874451637268066,,36.125,,,
2000-01-21 00:00:00+00:00,,,,14.983125686645508,,,,,,,,0.16666699945926666,,27.245838165283203,,13.617450714111328,,,,,,,,14.69171142578125,,,,2.811892509460449,,,1.736111044883728,,13.152682304382324,3.456562042236328,3.862499952316284,,,,,8.310853004455566,,8.238150596618652,,,,19.424253463745117,,7.287487030029297,,1.817508339881897,7.008551120758057,,,,53.59375,,0.4733780026435852,,,,4.0104169845581055,,,,3.436004400253296,,66.98438262939453,,11.0625,9.75,5.6875,5.493310451507568,,,,,,,,,27.94444465637207,7.57835578918457,0.5266333222389221,0.7195754647254944,,,48.5625,,,9.460440635681152,,,,9.30252456665039,26.6368350982666,,,6.3330230712890625,7.209664821624756,23.687419891357422,,,,,,10.906281471252441,,,0.6296272277832031,,,0.8125,,,,,5.347348213195801,,,7.916178226470947,,36.125,,,
2000-01-24 00:00:00+00:00,,,,14.733416557312012,,,,,,,,0.16666699945926666,,26.78445816040039,,13.368165969848633,,,,,,,,14.83452320098877,,,,2.7413415908813477,,,1.7222219705581665,,13.116048812866211,3.4148447513580322,3.7437500953674316,,,,,8.252875328063965,,8.126825332641602,,,,19.440689086914062,,6.653434753417969,,1.769363522529602,7.107170581817627,,,,52.5,,0.4733780026435852,,,,4.1041669845581055,,,,3.6461846828460693,,66.00100708007812,,11.125,9.625,5.5,5.470797538757324,,,,,,,,,28.02777862548828,7.348703861236572,0.5372725129127502,0.7344634532928467,,,48.75,,,9.075871467590332,,,,8.900959014892578,27.550186157226562,,,6.218400478363037,7.209664821624756,22.847763061523438,,,,,,10.929740905761719,,,0.6112633943557739,,,0.8111979961395264,,,,,5.327247142791748,,,7.499536991119385,,37.4375,,,
2000-01-25 00:00:00+00:00,,,,15.66986083984375,,,,,,,,0.1597220003604889,,26.1773681640625,,12.962824821472168,,,,,,,,14.352534294128418,,,,2.6103222370147705,,,1.7152780294418335,,12.676412582397461,3.301612615585327,3.731250047683716,,,,,8.214218139648438,,7.770572662353516,,,,19.029516220092773,,7.106328964233398,,1.7272354364395142,7.103882312774658,,,,57.1875,,0.45924699306488037,,,,4.0,,,,3.6279094219207764,,66.69514465332031,,11.5,9.5625,5.3125,5.707190990447998,,,,,,,,,27.59722137451172,7.348703861236572,0.5346120595932007,0.6749120950698853,,,49.25,,,8.652839660644531,,,,8.700760841369629,26.623199462890625,,,5.702584743499756,7.012137413024902,23.289682388305664,,,,,,10.894556045532227,,,0.6191332936286926,,,0.8138020038604736,,,,,5.186526775360107,,,7.582864761352539,,36.46875,,,
2000-01-26 00:00:00+00:00,,,,15.139199256896973,,,,,,,,0.15625,,27.197267532348633,,12.962824821472168,,,,,,,,13.977653503417969,,,,2.6808712482452393,,,1.680556058883667,,12.896225929260254,3.355250597000122,3.731250047683716,,,,,8.310853004455566,,7.481133460998535,,,,18.585445404052734,,6.785185813903809,,1.709181547164917,6.896783828735352,,,,56.09375,,0.45218199491500854,,,,4.0104169845581055,,,,3.7832581996917725,,64.2656478881836,,11.375,9.5625,5.25,5.695932865142822,,,,,,,,,27.5,7.8998541831970215,0.5372725129127502,0.7121317386627197,,,48.625,,,8.575925827026367,,,,9.101739883422852,26.445981979370117,,,5.387365341186523,6.691161155700684,22.759370803833008,,,,,,10.88282299041748,,,0.621756911277771,,,0.75,,,,,4.925191879272461,,,7.999505996704102,,33.0,,,
2000-01-27 00:00:00+00:00,,,,14.608551979064941,,,,,,,,0.14583300054073334,,25.764549255371094,,12.807267189025879,,,,,,,,13.977653503417969,,,,2.6607139110565186,,,1.701388955116272,,12.6397705078125,3.337371349334717,3.674999952316284,,,,,8.233541488647461,,7.6592488288879395,,,,18.552547454833984,,6.991046905517578,,1.6851081848144531,6.7850141525268555,,,,55.46875,,0.45218199491500854,,,,3.8333330154418945,,,,3.8563666343688965,,63.5136833190918,,11.5625,9.6875,4.8125,5.560853004455566,,,,,,,,,28.05555534362793,7.716140270233154,0.5372725129127502,0.7245381474494934,,,47.125,,,8.325953483581543,,,,9.046875953674316,25.96886444091797,,,5.301399230957031,6.715850353240967,22.715173721313477,,,,,,10.906281471252441,,,0.6138867139816284,,,0.7395830154418945,,,,,5.106118202209473,,,8.00992202758789,,30.75,,,
2000-01-28 00:00:00+00:00,,,,14.920703887939453,,,,,,,,0.1527779996395111,,24.283267974853516,,12.464256286621094,,,,,,,,13.674182891845703,,,,2.650636911392212,,,1.680556058883667,,12.383309364318848,3.3492894172668457,3.512500047683716,,,,,8.15623664855957,,7.581320285797119,,,,18.026235580444336,,6.776951313018799,,1.6128895282745361,6.374098777770996,,,,52.03125,,0.45571398735046387,,,,3.4427080154418945,,,,3.8015358448028564,,58.19195556640625,,11.5,9.25,4.6875,5.594622611999512,,,,,,,,,27.583332061767578,7.486493110656738,0.5425920486450195,0.6972440481185913,,,46.375,,,8.383641242980957,,,,9.119832992553711,25.028263092041016,,,5.186776638031006,6.617089748382568,22.62679100036621,,,,,,10.953191757202148,,,0.6033928394317627,,,0.7539060115814209,,,,,5.106118202209473,,,7.874513626098633,,31.0625,,,
2000-01-31 00:00:00+00:00,,,,15.232847213745117,,,,,,,,0.1527779996395111,,24.57467269897461,,12.931907653808594,,,,,,,,13.067234992980957,,,,2.509537696838379,,,1.625,,12.859593391418457,3.2896933555603027,3.2249999046325684,,,,,8.001612663269043,,7.6592488288879395,,,,17.631500244140625,,6.538152694702148,,1.652008295059204,6.56147575378418,,,,53.59375,,0.4627799987792969,,,,3.1666669845581055,,,,3.79239821434021,,59.92729949951172,,11.53125,9.25,4.375,5.572109222412109,,,,,,,,,26.30555534362793,7.716140270233154,0.5053552389144897,0.689799964427948,,,45.25,,,8.268266677856445,,,,9.192793846130371,25.40996551513672,,,5.100806713104248,6.9133782386779785,22.45001983642578,,,,,,10.742097854614258,,,0.6506153345108032,,,0.7083330154418945,,,,,5.146324157714844,,,8.291154861450195,,29.21875,,,
2000-02-01 00:00:00+00:00,,,,14.983125686645508,,,,,,,,0.1597220003604889,,25.42459487915039,,12.90050220489502,,,,,,,,13.388558387756348,,,,2.7715775966644287,,,1.569443941116333,,13.006146430969238,3.2956531047821045,3.25,,,,,8.1948881149292,,7.570193767547607,,,,17.697294235229492,,6.579324722290039,,1.6670538187026978,6.7488508224487305,,,,56.875,,0.4733780026435852,,,,3.4270830154418945,,,,3.764984369277954,,64.95977783203125,,11.5,9.25,4.1875,5.617136478424072,,,,,,,,,26.47222137451172,8.175434112548828,0.5053552389144897,0.6848376393318176,,,44.875,,,8.172125816345215,,,,9.211471557617188,26.146068572998047,,,5.100806713104248,7.012137413024902,22.05228042602539,,,,,,10.319921493530273,,,0.6427447199821472,,,0.7291669845581055,,,,,5.0056047439575195,,,7.999505996704102,,29.0,,,
2000-02-02 00:00:00+00:00,,,,14.483695983886719,,,,,,,,0.1597220003604889,,26.468767166137695,,13.149791717529297,,,,,,,,13.40640640258789,,,,2.8018136024475098,,,1.5625,,12.932870864868164,3.325451135635376,3.2437500953674316,,,,,8.05959415435791,,7.303009510040283,,,,17.450578689575195,,6.83665132522583,,1.673072099685669,6.600924968719482,,,,55.3125,,0.4698449969291687,,,,3.4166669845581055,,,,3.8015358448028564,,66.4637451171875,,11.9375,9.1875,4.25,5.504568576812744,,,,,,,,,26.26388931274414,8.634729385375977,0.5106746554374695,0.6848376393318176,,,44.625,,,7.691412925720215,,,,9.156609535217285,25.110055923461914,,,5.244088172912598,6.888686180114746,21.300996780395508,,,,,,10.319921493530273,,,0.6506153345108032,,,0.7578129768371582,,,,,5.065910339355469,,,7.999505996704102,,33.09375,,,
2000-02-03 00:00:00+00:00,,,,15.045564651489258,,,,,,,,0.15538200736045837,,27.585796356201172,,13.492806434631348,,,,,,,,13.370704650878906,,,,2.6808712482452393,,,1.5277780294418335,,13.3358736038208,3.325451135635376,3.293750047683716,,,,,8.098250389099121,,7.269609451293945,,,,17.697294235229492,,7.209259986877441,,1.76334547996521,6.7455644607543945,,,,58.28125,,0.4663119912147522,,,,3.46875,,,,3.755845308303833,,69.64523315429688,,12.5,9.1875,5.0,5.403258323669434,,,,,,,,,28.88888931274414,8.26729679107666,0.5425920486450195,0.6823559999465942,,,44.375,,,7.633723735809326,,,,9.265753746032715,25.08279037475586,,,5.2727437019348145,7.036834716796875,21.654537200927734,,,,,,10.36683177947998,,,0.6558619737625122,,,0.7864580154418945,,,,,5.347348213195801,,,7.874513626098633,,32.875,,,
2000-02-04 00:00:00+00:00,,,,14.608551979064941,,,,,,,,0.16319400072097778,,27.051563262939453,,13.274432182312012,,,,,,,,12.995828628540039,,,,2.6808712482452393,,,1.555556058883667,,13.042778015136719,3.277775764465332,3.4937500953674316,,,,,8.13690185546875,,7.369807243347168,,,,17.00650978088379,,7.402769088745117,,1.7994548082351685,6.614073753356934,,,,57.1875,,0.4663119912147522,,,,3.7083330154418945,,,,3.911198139190674,,67.3314437866211,,13.0,9.0,4.9375,5.369487762451172,,,,,,,,,29.416667938232422,8.359152793884277,0.5425920486450195,0.6749120950698853,,,45.3125,,,7.749096870422363,,,,9.284431457519531,24.4693546295166,,,5.301399230957031,6.987450122833252,21.21261978149414,,,,,,11.023551940917969,,,0.6584854125976562,,,0.7864580154418945,,,,,5.3071441650390625,,,8.082834243774414,,35.59375,,,
2000-02-07 00:00:00+00:00,,,,14.983125686645508,,,,,,,,0.16666699945926666,,27.294403076171875,,13.056557655334473,,,,,,,,13.067234992980957,,,,2.7211856842041016,,,1.611111044883728,,13.042778015136719,3.2300992012023926,3.512500047683716,,,,,8.040266990661621,,7.525659084320068,,,,16.41439437866211,,7.468645095825195,,1.9084031581878662,6.732415199279785,,,,57.1875,,0.4663119912147522,,,,3.7395830154418945,,,,3.8746438026428223,,71.2070541381836,,13.4375,8.9375,4.6875,5.538338661193848,,,,,,,,,29.88888931274414,8.083575248718262,0.5346120595932007,0.664986789226532,,,45.875,,,8.152902603149414,,,,9.101739883422852,24.31939697265625,,,5.387365341186523,6.8639984130859375,20.903268814086914,,,,,,11.117369651794434,,,0.6584854125976562,,,0.8072919845581055,,,,,5.347348213195801,,,7.999505996704102,,37.0,,,
2000-02-08 00:00:00+00:00,,,,14.79583740234375,,,,,,,,0.17013899981975555,,29.431331634521484,,12.775859832763672,,,,,,,,13.299299240112305,,,,2.650636911392212,,,1.638888955116272,,12.932870864868164,3.2002999782562256,3.612499952316284,,,,,8.1948881149292,,7.124886512756348,,,,15.92097282409668,,7.271018028259277,,1.8842463493347168,7.047999382019043,,,,57.1875,,0.45924699306488037,,,,3.8125,,,,4.020856857299805,,71.72767639160156,,12.9375,9.0,4.4375,5.662166118621826,,,,,,,,,30.25,8.221364974975586,0.5425920486450195,0.657542884349823,,,45.875,,,8.268266677856445,,,,9.156609535217285,24.333038330078125,,,5.330052852630615,6.839308261871338,20.77068519592285,,,,,,11.316730499267578,,,0.6711178421974182,,,0.8046879768371582,,,,,5.367452621459961,,,8.749459266662598,,40.75,,,
2000-02-09 00:00:00+00:00,,,,14.79583740234375,,,,,,,,0.18055599927902222,,29.989845275878906,,12.99423599243164,,,,,,,,13.031527519226074,,,,2.6103222370147705,,,1.611111044883728,,12.932870864868164,3.16855525970459,3.6624999046325684,,,,,8.117574691772461,,7.303009510040283,,,,15.690717697143555,,7.032218933105469,,1.848010778427124,6.916506767272949,,,,53.90625,,0.4698449969291687,,,,3.7395830154418945,,,,3.929471969604492,,69.4138412475586,,13.0625,8.9375,4.4375,5.65090799331665,,,,,,,,,29.97222137451172,8.221364974975586,0.5319527387619019,0.6277679204940796,,,44.1875,,,8.229814529418945,,,,8.900959014892578,23.624176025390625,,,5.4446821212768555,6.8639984130859375,20.77068519592285,,,,,,11.375370025634766,,,0.6684864163398743,,,0.8333330154418945,,,,,5.347348213195801,,,9.291092872619629,,42.5625,,,
2000-02-10 00:00:00+00:00,,,,15.107995986938477,,,,,,,,0.19444400072097778,,29.237060546875,,12.651222229003906,,,,,,,,13.12078857421875,,,,2.6607139110565186,,,1.611111044883728,,12.529857635498047,3.2827908992767334,3.7125000953674316,,,,,8.13690185546875,,7.305791854858398,,,,15.690717697143555,,7.188673496246338,,1.787617564201355,7.324132919311523,,,,57.34375,,0.45218199491500854,,,,3.4375,,,,3.9203341007232666,,73.05810546875,,13.0,8.75,5.0,5.707190990447998,,,,,,,,,29.916667938232422,8.313225746154785,0.5266333222389221,0.615361213684082,,,42.25,,,8.075984954833984,,,,8.828001976013184,23.10615348815918,,,5.788555145263672,6.789923667907715,20.903268814086914,,,,,,11.205322265625,,,0.6737499237060547,,,0.9192709922790527,,,,,5.146324157714844,,,9.416085243225098,,42.4375,,,
2000-02-11 00:00:00+00:00,,,,14.483695983886719,,,,,,,,0.1875,,28.678552627563477,,12.651222229003906,,,,,,,,13.138643264770508,,,,2.509537696838379,,,1.576388955116272,,12.713045120239258,3.16855525970459,3.625,,,,,8.117574691772461,,7.303009510040283,,,,15.855191230773926,,6.74401330947876,,1.7755389213562012,7.422750473022461,,,,56.25,,0.4663119912147522,,,,3.2708330154418945,,,,3.9020566940307617,,69.76091766357422,,13.1875,8.6875,4.75,5.583366870880127,,,,,,,,,29.0,8.175434112548828,0.5319527387619019,0.6079174876213074,,,42.5,,,7.883701324462891,,,,9.192793846130371,23.065261840820312,,,5.907860279083252,6.271420955657959,20.240365982055664,,,,,,11.445732116699219,,,0.6895402669906616,,,0.8671879768371582,,,,,5.146324157714844,,,9.16610050201416,,40.71875,,,
2000-02-14 00:00:00+00:00,,,,14.483695983886719,,,,,,,,0.2222220003604889,,28.29000473022461,,12.713541984558105,,,,,,,,13.15648365020752,,,,2.4289097785949707,,,1.5659719705581665,,12.822953224182129,3.228677272796631,3.4749999046325684,,,,,8.117574691772461,,6.92449951171875,,,,14.901247024536133,,6.579324722290039,,1.7544019222259521,7.567394256591797,,,,56.25,,0.45924699306488037,,,,3.2916669845581055,,,,3.8746438026428223,,71.55413818359375,,12.375,8.625,4.625,5.684677600860596,,,,,,,,,29.65277862548828,7.991714000701904,0.5106746554374695,0.6054362654685974,,,42.75,,,7.44144344329834,,,,9.02878189086914,23.078887939453125,,,5.7071051597595215,6.641777515411377,20.859079360961914,,,,,,11.300076484680176,,,0.6790134310722351,,,0.890625,,,,,5.0860137939453125,,,8.957779884338379,,40.625,,,
2000-02-15 00:00:00+00:00,,,,15.420141220092773,,,,,,,,0.2222220003604889,,28.581418991088867,,12.651222229003906,,,,,,,,12.977978706359863,,,,2.5196168422698975,,,1.5902780294418335,,12.78631591796875,3.3188648223876953,3.237499952316284,,,,,8.15623664855957,,6.824304103851318,,,,14.572293281555176,,6.587558269500732,,1.6517353057861328,7.863251209259033,,,,54.21875,,0.4733780026435852,,,,3.3125,,,,3.8198134899139404,,72.65314483642578,,12.5,8.9375,4.375,5.1105804443359375,,,,,,,,,29.72222137451172,7.945785999298096,0.5106746554374695,0.5955111980438232,,,43.375,,,7.114559650421143,,,,9.375482559204102,23.7604923248291,,,5.30560302734375,6.888686180114746,20.240365982055664,,,,,,11.17086410522461,,,0.6816452145576477,,,0.890625,,,,,5.065910339355469,,,8.79112434387207,,40.6875,,,
2000-02-16 00:00:00+00:00,,,,14.608551979064941,,,,,,,,0.2152779996395111,,28.65426254272461,,12.775859832763672,,,,,,,,13.001551628112793,,,,2.70102858543396,,,1.618056058883667,,12.78631591796875,3.3248770236968994,3.2249999046325684,,,,,8.1948881149292,,6.657315254211426,,,,14.63809585571289,,6.398166656494141,,1.6366372108459473,7.955296039581299,,,,55.625,,0.4663119912147522,,,,3.3645830154418945,,,,3.582216739654541,,74.04142761230469,,13.25,8.8125,4.1875,5.043039321899414,,,,,,,,,30.94444465637207,7.8998541831970215,0.5319527387619019,0.5955111980438232,,,43.875,,,7.460674285888672,,,,9.18847942352295,23.392427444458008,,,5.219566345214844,7.012137413024902,20.372955322265625,,,,,,11.288326263427734,,,0.6790134310722351,,,0.8984379768371582,,,,,5.065910339355469,,,9.249428749084473,,44.6875,,,
2000-02-17 00:00:00+00:00,,,,14.983125686645508,,,,,,,,0.21875,,27.39153480529785,,12.526577949523926,,,,,,,,13.001551628112793,,,,2.7211856842041016,,,1.649306058883667,,13.555697441101074,3.433101177215576,3.200000047683716,,,,,8.233541488647461,,6.813169956207275,,,,14.670980453491211,,6.340525150299072,,1.7332648038864136,8.448393821716309,,,,67.96875,,0.45924699306488037,,,,3.5,,,,3.6187703609466553,,74.6198959350586,,13.375,9.0,4.3125,5.245661735534668,,,,,,,,,26.94444465637207,7.716140270233154,0.5266333222389221,0.6054362654685974,,,44.125,,,7.364526748657227,,,,9.280806541442871,23.48785972595215,,,5.276924133300781,7.061524868011475,20.196176528930664,,,,,,11.276586532592773,,,0.6842771172523499,,,0.8854169845581055,,,,,5.0860137939453125,,,8.707795143127441,,51.84375,,,
2000-02-18 00:00:00+00:00,,,,14.79583740234375,,,,,,,,0.2152779996395111,,26.44449234008789,,12.464256286621094,,,,,,,,12.769379615783691,,,,2.650636911392212,,,1.5833330154418945,,13.189326286315918,3.3609516620635986,3.075000047683716,,,,,8.1948881149292,,6.590522289276123,,,,14.99992561340332,,5.953505992889404,,1.7091084718704224,7.777780532836914,,,,64.0625,,0.45218199491500854,,,,3.3333330154418945,,,,3.591355323791504,,71.72767639160156,,13.6875,9.1875,4.1875,5.144349575042725,,,,,,,,,26.833332061767578,7.716140270233154,0.5266333222389221,0.6079174876213074,,,43.1875,,,7.345299243927002,,,,8.80271053314209,22.847150802612305,,,5.162205219268799,6.789923667907715,20.1519832611084,,,,,,11.2648344039917,,,0.6790134310722351,,,0.875,,,,,5.0860137939453125,,,8.749459266662598,,50.0625,,,
2000-02-22 00:00:00+00:00,,,,14.889485359191895,,,,,,,,0.20138899981975555,,26.12881088256836,,12.526577949523926,,,,,,,,13.001551628112793,,,,2.670792818069458,,,1.555556058883667,,13.152682304382324,3.3188648223876953,3.200000047683716,,,,,8.214218139648438,,6.557119846343994,,,,14.99992561340332,,5.969975471496582,,1.6426751613616943,7.646289825439453,,,,61.25,,0.44864898920059204,,,,3.4791669845581055,,,,3.5730772018432617,,77.04936218261719,,14.125,9.5,4.0625,5.009269714355469,,,,,,,,,25.083332061767578,7.6242804527282715,0.5319527387619019,0.6376931667327881,,,42.875,,,7.383761405944824,,,,8.876214981079102,24.891952514648438,,,5.133528709411621,6.543017387390137,19.9752197265625,,,,,,11.182610511779785,,,0.6790134310722351,,,0.890625,,,,,5.146324157714844,,,8.874451637268066,,47.28125,,,
2000-02-23 00:00:00+00:00,,,,15.107995986938477,,,,,,,,0.1875,,26.760164260864258,,12.433343887329102,,,,,,,,13.108704566955566,,,,2.6808712482452393,,,1.5833330154418945,,12.822953224182129,3.2827908992767334,3.625,,,,,8.214218139648438,,6.534858226776123,,,,14.901247024536133,,6.324057102203369,,1.5641660690307617,7.629851818084717,,,,67.5,,0.45218199491500854,,,,3.5729169845581055,,,,3.600494861602783,,74.90911102294922,,14.1875,9.0,4.0625,5.009269714355469,,,,,,,,,27.833332061767578,7.57835578918457,0.5213137269020081,0.6252865195274353,,,43.5,,,7.576040267944336,,,,8.931498527526855,24.15581703186035,,,5.0188140869140625,6.657578945159912,19.712373733520508,,,,,,11.58786678314209,,,0.6816452145576477,,,0.8684899806976318,,,,,5.0860137939453125,,,9.416085243225098,,47.21875,,,
2000-02-24 00:00:00+00:00,,,,15.357706069946289,,,,,,,,0.1875,,26.663034439086914,,12.401931762695312,,,,,,,,13.305157661437988,,,,2.650636911392212,,,1.6597219705581665,,12.200127601623535,3.3308887481689453,3.4937500953674316,,,,,8.175558090209961,,6.512593746185303,,,,14.605196952819824,,6.200540065765381,,1.5581270456314087,8.205131530761719,,,,72.34375,,0.4415839910507202,,,,3.7916669845581055,,,,3.7284300327301025,,79.59455108642578,,14.5,8.875,4.0,4.795393943786621,,,,,,,,,28.166667938232422,7.486493110656738,0.5292925238609314,0.6252865195274353,,,44.625,,,7.114559650421143,,,,8.545727729797363,23.48785972595215,,,4.81805944442749,6.431474208831787,19.135223388671875,,,,,,11.746441841125488,,,0.6684864163398743,,,0.8333330154418945,,,,,5.0056047439575195,,,8.666131973266602,,46.90625,,,
2000-02-25 00:00:00+00:00,,,,15.420141220092773,,,,,,,,0.19444400072097778,,27.780067443847656,,12.277287483215332,,,,,,,,13.305157661437988,,,,2.590165615081787,,,1.555556058883667,,11.760482788085938,3.2407033443450928,3.512500047683716,,,,,8.15623664855957,,6.5292887687683105,,,,14.514352798461914,,6.291118621826172,,1.5098130702972412,8.007890701293945,,,,69.6875,,0.42392000555992126,,,,3.8854169845581055,,,,3.7284300327301025,,78.55335235595703,,14.71875,8.8125,3.875,4.795393943786621,,,,,,,,,28.01388931274414,7.394636154174805,0.5213137269020081,0.6500988602638245,,,44.125,,,7.0953288078308105,,,,8.5269136428833,23.078887939453125,,,4.359200954437256,6.356103897094727,19.31280517578125,,,,,,11.981369018554688,,,0.6553269624710083,,,0.8203129768371582,,,,,4.985501766204834,,,8.582802772521973,,49.0625,,,
2000-02-28 00:00:00+00:00,,,,15.349894523620605,,,,,,,,0.20138899981975555,,27.440113067626953,,12.246384620666504,,,,,,,,13.323014259338379,,,,2.5599305629730225,,,1.611111044883728,,12.16348934173584,3.3248770236968994,3.5999999046325684,,,,,8.117574691772461,,6.445793151855469,,,,15.370074272155762,,5.698237895965576,,1.5611454248428345,8.642342567443848,,,,73.125,,0.42392000555992126,,,,3.75,,,,3.6690311431884766,,78.61121368408203,,15.5,8.875,4.9375,4.952986240386963,,,,,,,,,28.333332061767578,7.256846904754639,0.5213137269020081,0.6376931667327881,,,44.125,,,7.306844234466553,,,,8.56395435333252,23.460594177246094,,,4.2731614112854,6.531961441040039,19.268402099609375,,,,,,12.151686668395996,,,0.6500632762908936,,,0.90625,,,,,5.0860137939453125,,,8.249490737915039,,49.5,,,
2000-02-29 00:00:00+00:00,,,,15.482569694519043,,,,,,,,0.19444400072097778,,26.978731155395508,,12.121734619140625,,,,,,,,13.948097229003906,,,,2.479301929473877,,,1.694443941116333,,12.090215682983398,3.6315104961395264,3.637500047683716,,,,,8.291529655456543,,6.902231693267822,,,,15.863773345947266,,5.912333965301514,,1.5943622589111328,9.023673057556152,,,,75.78125,,0.4221540093421936,,,,4.0,,,,3.6279094219207764,,80.52007293701172,,16.4375,8.6875,5.375,5.301948070526123,,,,,,,,,29.583332061767578,7.119059085845947,0.5213137269020081,0.6376931667327881,,,44.125,,,7.614494800567627,,,,8.747428894042969,23.66506004333496,,,4.359200954437256,6.883683204650879,20.067564010620117,,,,,,13.13252067565918,,,0.6816452145576477,,,0.8763020038604736,,,,,4.96539831161499,,,8.291154861450195,,50.625,,,
2000-03-01 00:00:00+00:00,,,,15.638640403747559,,,,,,,,0.16666699945926666,,27.051563262939453,,12.121734619140625,,,,,,,,14.448148727416992,,,,2.5196168422698975,,,1.6527780294418335,,11.687210083007812,3.4932267665863037,3.5999999046325684,,,,,8.15623664855957,,7.240261077880859,,,,16.423276901245117,,5.813520908355713,,1.5943622589111328,9.29652214050293,,,,76.09375,,0.4309859871864319,,,,3.8854169845581055,,,,3.6461846828460693,,82.83385467529297,,15.71875,8.5625,5.0,5.234406471252441,,,,,,,,,29.77777862548828,7.1649861335754395,0.5266333222389221,0.6203240752220154,,,44.375,,,7.922155380249023,,,,8.5269136428833,22.5472469329834,,,4.47391414642334,6.632455825805664,20.911104202270508,,,,,,13.249984741210938,,,0.6816452145576477,,,0.8736979961395264,,,,,4.985501766204834,,,9.332756996154785,,51.125,,,
2000-03-02 00:00:00+00:00,,,,15.482569694519043,,,,,,,,0.1875,,27.512950897216797,,12.028002738952637,,,,,,,,14.394576072692871,,,,2.509537696838379,,,1.6666669845581055,,12.310037612915039,3.577399730682373,3.6500000953674316,,,,,8.175558090209961,,6.926440238952637,,,,16.88405418395996,,5.566487789154053,,1.5732243061065674,8.747537612915039,,,,71.875,,0.41685500741004944,,,,3.8125,,,,3.8015358448028564,,77.68567657470703,,15.34375,8.5,4.6875,5.065555095672607,,,,,,,,,29.36111068725586,7.119059085845947,0.5292925238609314,0.6203240752220154,,,44.5,,,7.729872703552246,,,,8.343432426452637,21.70207405090332,,,4.47391414642334,6.582211971282959,20.4227352142334,,,,,,13.167762756347656,,,0.6763816475868225,,,0.78125,,,,,5.266939163208008,,,9.916054725646973,,52.625,,,
2000-03-03 00:00:00+00:00,,,,15.482569694519043,,,,,,,,0.18576399981975555,,28.435710906982422,,12.028002738952637,,,,,,,,14.751760482788086,,,,2.4893805980682373,,,1.6666669845581055,,12.749682426452637,3.6074633598327637,4.012499809265137,,,,,8.214218139648438,,7.229055404663086,,,,16.851131439208984,,5.780583381652832,,1.5913423299789429,8.790273666381836,,,,73.90625,,0.41685500741004944,,,,4.0833330154418945,,,,3.938612461090088,,81.85050201416016,,15.5,8.875,5.1875,4.941728115081787,,,,,,,,,29.63888931274414,7.44056510925293,0.5106746554374695,0.6103988289833069,,,44.1875,,,7.806788921356201,,,,8.673922538757324,23.93770980834961,,,4.416557312011719,6.356103897094727,20.200756072998047,,,,,,13.19124984741211,,,0.6658541560173035,,,0.7200520038604736,,,,,5.3071441650390625,,,10.499351501464844,,54.09375,,,
2000-03-06 00:00:00+00:00,,,,15.232847213745117,,,,,,,,0.1875,,31.859649658203125,,11.373882293701172,,,,,,,,14.894636154174805,,,,2.277733325958252,,,1.6527780294418335,,12.346670150756836,3.59543776512146,4.199999809265137,,,,,8.272201538085938,,7.08335018157959,,,,15.962503433227539,,5.698237895965576,,1.543028712272644,9.362265586853027,,,,71.71875,,0.4345180094242096,,,,4.5833330154418945,,,,3.9477498531341553,,80.693603515625,,15.75,9.0,6.0,5.009269714355469,,,,,,,,,29.55555534362793,7.2109198570251465,0.5106746554374695,0.6103988289833069,,,44.625,,,7.845243453979492,,,,8.159369468688965,22.72447395324707,,,4.043729305267334,6.431474208831787,19.801183700561523,,,,,,13.226490020751953,,,0.6369039416313171,,,0.703125,,,,,5.186526775360107,,,10.457687377929688,,59.125,,,
2000-03-07 00:00:00+00:00,,,,14.983125686645508,,,,,,,,0.18229199945926666,,31.10687255859375,,10.968537330627441,,,,,,,,14.76961612701416,,,,2.1567916870117188,,,1.6597219705581665,,11.870391845703125,3.667586326599121,4.737500190734863,,,,,8.117574691772461,,7.139391899108887,,,,15.370074272155762,,5.171233654022217,,1.576244831085205,8.639058113098145,,,,71.875,,0.3991920053958893,,,,5.0416669845581055,,,,4.2036213874816895,,80.52007293701172,,15.25,8.625,5.75,4.998013019561768,,,,,,,,,29.38888931274414,7.1649861335754395,0.5133339166641235,0.5942701697349548,,,44.375,,,7.941384315490723,,,,8.085861206054688,20.938676834106445,,,4.072403907775879,6.255612850189209,19.57918930053711,,,,,,12.9210844039917,,,0.6369039416313171,,,0.6875,,,,,5.572441577911377,,,10.936824798583984,,63.3125,,,
2000-03-08 00:00:00+00:00,,,,15.232847213745117,,,,,,,,0.18229199945926666,,30.402671813964844,,11.280146598815918,,,,,,,,14.662460327148438,,,,2.1769487857818604,,,1.6597219705581665,,11.907028198242188,3.7277097702026367,4.568749904632568,,,,,8.214218139648438,,7.565291881561279,,,,15.238431930541992,,5.681769847869873,,1.5641660690307617,8.52071475982666,,,,72.34375,,0.4221540093421936,,,,4.8229169845581055,,,,4.18534517288208,,76.0081787109375,,15.34375,8.8125,5.5,4.964242935180664,,,,,,,,,28.5,6.981268882751465,0.5133339166641235,0.5806229114532471,,,44.125,,,7.979843616485596,,,,8.435171127319336,21.402164459228516,,,4.072403907775879,6.255612850189209,19.801183700561523,,,,,,13.1795072555542,,,0.6447996497154236,,,0.734375,,,,,5.6140265464782715,,,11.957594871520996,,61.625,,,
2000-03-09 00:00:00+00:00,,,,15.420141220092773,,,,,,,,0.19444400072097778,,32.0053596496582,,11.280146598815918,,,,,,,,14.269556999206543,,,,2.1366350650787354,,,1.670138955116272,,12.090215682983398,3.811885356903076,4.599999904632568,,,,,8.233541488647461,,7.946352481842041,,,,15.468815803527832,,5.764113903045654,,1.5913423299789429,8.448393821716309,,,,79.84375,,0.4380509853363037,,,,4.7291669845581055,,,,4.27672815322876,,76.58660125732422,,15.25,9.0,5.6875,4.885444164276123,,,,,,,,,28.5,6.981268882751465,0.5133339166641235,0.58558589220047,,,44.75,,,7.979843616485596,,,,8.508681297302246,20.911422729492188,,,4.244481563568115,6.481715679168701,20.33393669128418,,,,,,13.931273460388184,,,0.6500632762908936,,,0.7291669845581055,,,,,5.655613422393799,,,12.415900230407715,,60.875,,,
2000-03-10 00:00:00+00:00,,,,15.170419692993164,,,,,,,,0.17361100018024445,,34.676513671875,,11.155506134033203,,,,,,,,13.358735084533691,,,,2.106398582458496,,,1.6597219705581665,,12.456582069396973,3.8840343952178955,4.800000190734863,,,,,8.214218139648438,,7.977177143096924,,,,16.225805282592773,,6.109961032867432,,1.5943622589111328,8.113085746765137,,,,77.1875,,0.45218199491500854,,,,4.9166669845581055,,,,4.27672815322876,,82.89171600341797,,14.75,9.3125,5.75,4.750363349914551,,,,,,,,,27.97222137451172,7.670212745666504,0.5133339166641235,0.5955111980438232,,,44.625,,,7.864470481872559,,,,8.784480094909668,21.374897003173828,,,4.187126159667969,6.280735492706299,20.4227352142334,,,,,,14.70654010772705,,,0.6474311947822571,,,0.7057290077209473,,,,,5.73878288269043,,,10.749336242675781,,60.5,,,
2000-03-13 00:00:00+00:00,,,,14.983125686645508,,,,,,,,0.1753470003604889,,33.413795471191406,,11.030862808227539,,,,,,,,11.287057876586914,,,,2.056006669998169,,,1.6527780294418335,,12.411986351013184,3.8599846363067627,5.212500095367432,,,,,8.1948881149292,,7.789445877075195,,,,17.44356346130371,,5.582955837249756,,1.5641660690307617,7.57396936416626,,,,72.96875,,0.4221540093421936,,,,4.8958330154418945,,,,4.304142475128174,,82.3711166381836,,15.0,10.1875,5.5625,4.649054050445557,,,,,,,,,26.94444465637207,7.532426357269287,0.5133339166641235,0.58558589220047,,,44.375,,,7.845243453979492,,,,8.692739486694336,21.756587982177734,,,4.2731614112854,6.883683204650879,20.33393669128418,,,,,,13.931273460388184,,,0.6447996497154236,,,0.75,,,,,5.697197914123535,,,11.082648277282715,,57.03125,,,
2000-03-14 00:00:00+00:00,,,,15.0143404006958,,,,,,,,0.1875,,33.02524948120117,,10.906218528747559,,,,,,,,11.912135124206543,,,,1.9451440572738647,,,1.6458330154418945,,12.374829292297363,3.8178977966308594,4.849999904632568,,,,,8.1948881149292,,7.262678146362305,,,,16.9827880859375,,5.270047664642334,,1.6124802827835083,6.903357982635498,,,,68.75,,0.42392000555992126,,,,4.5833330154418945,,,,4.258450031280518,,75.4875717163086,,14.9375,10.8125,5.75,4.660308361053467,,,,,,,,,26.833332061767578,7.348703861236572,0.5133339166641235,0.5905482769012451,,,44.5625,,,7.729872703552246,,,,8.56395435333252,21.211320877075195,,,4.559947490692139,6.93393087387085,19.801183700561523,,,,,,14.377632141113281,,,0.6474311947822571,,,0.7265629768371582,,,,,5.6140265464782715,,,10.041047096252441,,49.875,,,
2000-03-15 00:00:00+00:00,,,,15.794724464416504,,,,,,,,0.18142400681972504,,30.354095458984375,,10.843897819519043,,,,,,,,11.519229888916016,,,,1.8846722841262817,,,1.6597219705581665,,13.043737411499023,3.7577738761901855,4.53125,,,,,8.233541488647461,,7.621327877044678,,,,16.29161834716797,,5.335922718048096,,1.6487157344818115,6.896783828735352,,,,66.09375,,0.4062570035457611,,,,4.4270830154418945,,,,4.237892150878906,,69.18247985839844,,14.90625,10.625,5.625,4.705338001251221,,,,,,,,,25.13888931274414,7.348703861236572,0.5133339166641235,0.5930296778678894,,,44.5625,,,7.826012134552002,,,,9.078507423400879,23.228839874267578,,,5.0188140869140625,7.10978889465332,19.712373733520508,,,,,,13.978257179260254,,,0.6421675682067871,,,0.6953129768371582,,,,,5.717987537384033,,,9.957717895507812,,44.625,,,
2000-03-16 00:00:00+00:00,,,,15.544994354248047,,,,,,,,0.16666699945926666,,33.413795471191406,,11.258838653564453,,,,,,,,12.072870254516602,,,,2.2172610759735107,,,1.6597219705581665,,13.452519416809082,3.8659963607788086,4.949999809265137,,,,,8.407491683959961,,7.554081439971924,,,,17.80560302734375,,5.978209972381592,,1.7513819932937622,7.8961262702941895,,,,71.875,,0.40802299976348877,,,,4.5,,,,4.258450031280518,,70.33940887451172,,14.96875,10.9375,5.8125,4.930473327636719,,,,,,,,,20.666667938232422,7.394636154174805,0.5133339166641235,0.6352117657661438,,,46.75,,,8.422096252441406,,,,9.942378044128418,24.414817810058594,,,5.276924133300781,7.486633777618408,20.8667049407959,,,,,,13.531901359558105,,,0.6632221341133118,,,0.7291669845581055,,,,,5.780366897583008,,,9.916054725646973,,40.1875,,,
2000-03-17 00:00:00+00:00,,,,15.732284545898438,,,,,,,,0.17708300054073334,,32.44246292114258,,11.19558048248291,,,,,,,,11.912135124206543,,,,2.096320629119873,,,1.6527780294418335,,13.229548454284668,3.7818222045898438,5.0,,,,,8.407491683959961,,7.430792808532715,,,,17.37773323059082,,5.714707374572754,,1.7815792560577393,7.56410551071167,,,,74.21875,,0.4027239978313446,,,,4.4479169845581055,,,,4.253881931304932,,76.81800079345703,,14.5,12.375,5.6875,4.885444164276123,,,,,,,,,19.48611068725586,7.30277681350708,0.5159940719604492,0.6304088830947876,,,49.5,,,8.575925827026367,,,,9.684804916381836,23.228839874267578,,,5.047490119934082,7.386143207550049,21.177494049072266,,,,,,13.567136764526367,,,0.6447996497154236,,,0.7421879768371582,,,,,5.717987537384033,,,9.999382019042969,,38.125,,,
2000-03-20 00:00:00+00:00,,,,15.513775825500488,,,,,,,,0.20138899981975555,,32.151058197021484,,11.543722152709961,,,,,,,,11.80497932434082,,,,2.1164774894714355,,,1.6597219705581665,,12.709280014038086,3.986243724822998,4.9375,,,,,8.465473175048828,,7.262678146362305,,,,16.390363693237305,,5.352391719818115,,1.7936580181121826,7.324132919311523,,,,63.90625,,0.41685500741004944,,,,4.0104169845581055,,,,4.258450031280518,,78.43767547607422,,14.5,13.0625,5.375,4.829160690307617,,,,,,,,,20.0,7.30277681350708,0.5425920486450195,0.6379136443138123,,,50.5,,,8.537473678588867,,,,9.758315086364746,23.556013107299805,,,4.904098987579346,7.386143207550049,21.39946746826172,,,,,,12.78012466430664,,,0.6500632762908936,,,0.7604169845581055,,,,,5.67640495300293,,,9.791062355041504,,37.125,,,
2000-03-21 00:00:00+00:00,,,,15.794724464416504,,,,,,,,0.21180599927902222,,31.665386199951172,,11.954599380493164,,,,,,,,11.822836875915527,,,,2.187025785446167,,,1.673611044883728,,12.634956359863281,3.9321346282958984,5.012499809265137,,,,,8.388162612915039,,7.957565784454346,,,,15.27133846282959,,5.550018310546875,,1.7755389213562012,8.017755508422852,,,,67.1875,,0.42392000555992126,,,,4.25,,,,4.295004367828369,,76.81800079345703,,14.5,13.625,5.6875,4.885444164276123,,,,,,,,,22.06944465637207,6.981268882751465,0.5133339166641235,0.6554246544837952,,,51.75,,,8.460555076599121,,,,9.758315086364746,23.86954689025879,,,4.81805944442749,7.0595479011535645,21.088699340820312,,,,,,12.803616523742676,,,0.6474311947822571,,,0.8072919845581055,,,,,5.6140265464782715,,,10.332695007324219,,38.53125,,,
2000-03-22 00:00:00+00:00,,,,15.701070785522461,,,,,,,,0.21875,,31.908231735229492,,12.176236152648926,,,,,,,,11.697824478149414,,,,2.2575762271881104,,,1.6666669845581055,,12.560636520385742,3.896059989929199,4.779687881469727,,,,,8.465473175048828,,7.778235912322998,,,,14.218143463134766,,5.961740493774414,,1.8117754459381104,8.52071475982666,,,,67.65625,,0.510470986366272,,,,4.1666669845581055,,,,4.390958309173584,,83.296630859375,,14.40625,13.5625,5.6875,4.795393943786621,,,,,,,,,20.27777862548828,7.670212745666504,0.5133339166641235,0.6554246544837952,,,54.5625,,,8.595159530639648,,,,9.684804916381836,22.833520889282227,,,4.81805944442749,7.0092997550964355,21.310680389404297,,,,,,13.508401870727539,,,0.6500632762908936,,,0.7916669845581055,,,,,5.4476847648620605,,,10.332695007324219,,48.75,,,
2000-03-23 00:00:00+00:00,,,,15.732284545898438,,,,,,,,0.2222220003604889,,31.37398910522461,,13.093133926391602,,,,,,,,11.554947853088379,,,,2.2172610759735107,,,1.6666669845581055,,12.523470878601074,3.9501702785491943,4.6875,,,,,8.465473175048828,,7.92393684387207,,,,14.152314186096191,,6.0111470222473145,,1.835931420326233,7.955296039581299,,,,65.46875,,0.5228350162506104,,,,4.1666669845581055,,,,4.459494590759277,,81.61909484863281,,14.125,13.625,5.375,4.761620998382568,,,,,,,,,20.5,7.394636154174805,0.5133339166641235,0.6754375100135803,,,54.125,,,8.499013900756836,,,,9.92355728149414,23.119783401489258,,,4.6746649742126465,7.285655975341797,21.976642608642578,,,,,,13.931273460388184,,,0.6184809803962708,,,0.765625,,,,,5.593235015869141,,,9.749398231506348,,48.4375,,,
2000-03-24 00:00:00+00:00,,,,15.763504981994629,,,,,,,,0.2222220003604889,,31.981069564819336,,13.314769744873047,,,,,,,,11.822836875915527,,,,2.1567916870117188,,,1.7222219705581665,,12.672122955322266,4.02833366394043,4.599999904632568,,,,,8.426820755004883,,8.069643020629883,,,,14.283975601196289,,6.093492031097412,,1.8842463493347168,8.244579315185547,,,,67.96875,,0.5263680219650269,,,,4.125,,,,4.377251148223877,,84.85845184326172,,14.0625,15.6875,5.75,4.71659517288208,,,,,,,,,22.86111068725586,7.256846904754639,0.5425920486450195,0.7079588770866394,,,53.8125,,,8.69129467010498,,,,9.997063636779785,23.63780975341797,,,4.732022762298584,7.0092997550964355,21.44387435913086,,,,,,13.931273460388184,,,0.60005784034729,,,0.7369790077209473,,,,,5.572441577911377,,,8.916116714477539,,46.375,,,
2000-03-27 00:00:00+00:00,,,,15.170419692993164,,,,,,,,0.2222220003604889,,34.142276763916016,,12.935256004333496,,,,,,,,11.66210651397705,,,,2.0761635303497314,,,1.7222219705581665,,12.597797393798828,3.986243724822998,4.474999904632568,,,,,8.388162612915039,,7.979983329772949,,,,13.757367134094238,,6.109961032867432,,1.8872661590576172,8.211705207824707,,,,64.6875,,0.5157700181007385,,,,4.09375,,,,4.3498334884643555,,82.48681640625,,14.1875,18.375,5.75,4.739107131958008,,,,,,,,,23.333332061767578,7.256846904754639,0.5425920486450195,0.7154639959335327,,,53.125,,,8.652839660644531,,,,9.978833198547363,23.787765502929688,,,4.760704040527344,6.93393087387085,20.911104202270508,,,,,,13.531901359558105,,,0.5474216938018799,,,0.7421879768371582,,,,,5.593235015869141,,,9.16610050201416,,44.6875,,,
2000-03-28 00:00:00+00:00,,,,15.420141220092773,,,,,,,,0.19791699945926666,,34.457969665527344,,12.840129852294922,,,,,,,,11.322773933410645,,,,1.965300440788269,,,1.736111044883728,,12.449151992797852,4.016308784484863,4.099999904632568,,,,,8.310853004455566,,7.531667232513428,,,,13.757367134094238,,6.077023506164551,,1.8902859687805176,7.468770503997803,,,,63.75,,0.5581619739532471,,,,4.4791669845581055,,,,4.3498334884643555,,79.99947357177734,,14.125,26.0,5.875,4.71659517288208,,,,,,,,,22.69444465637207,7.256846904754639,0.5133339166641235,0.7154639959335327,,,52.0625,,,8.441325187683105,,,,9.88709545135498,23.66506004333496,,,4.703342914581299,6.783191680908203,21.088699340820312,,,,,,12.897589683532715,,,0.5474216938018799,,,0.7421879768371582,,,,,5.530854225158691,,,8.999444007873535,,43.0,,,
2000-03-29 00:00:00+00:00,,,,15.357706069946289,,,,,,,,0.20833300054073334,,32.49101257324219,,12.808758735656738,,,,,,,,11.197759628295898,,,,1.874595284461975,,,1.763888955116272,,12.523470878601074,4.202693939208984,3.8687500953674316,,,,,8.429459571838379,,7.710986137390137,,,,13.62572193145752,,5.813520908355713,,1.8812264204025269,7.061147689819336,,,,58.59375,,0.5970209836959839,,,,4.2291669845581055,,,,4.3681111335754395,,77.51213836669922,,14.0,18.75,5.875,4.570254802703857,,,,,,,,,22.25,7.1649861335754395,0.5425920486450195,0.7679983973503113,,,51.8125,,,8.518241882324219,,,,10.01588249206543,24.04874038696289,,,4.732022762298584,6.68270206451416,20.911104202270508,,,,,,12.9210844039917,,,0.552685558795929,,,0.7369790077209473,,,,,5.572441577911377,,,8.957779884338379,,37.5625,,,
2000-03-30 00:00:00+00:00,,,,15.857149124145508,,,,,,,,0.2152779996395111,,31.22828483581543,,13.567784309387207,,,,,,,,11.287057876586914,,,,1.874595284461975,,,1.7847219705581665,,12.634956359863281,4.371042251586914,3.706249952316284,,,,,8.429459571838379,,7.823063373565674,,,,13.230772018432617,,5.599425315856934,,1.8963252305984497,6.811309814453125,,,,55.3125,,0.5722929835319519,,,,4.125,,,,4.340696334838867,,73.81006622314453,,13.9375,19.0,5.75,4.78413200378418,,,,,,,,,21.44444465637207,7.256846904754639,0.508014440536499,0.8905777335166931,,,54.0,,,8.306730270385742,,,,10.493391036987305,25.615360260009766,,,4.875418663024902,6.531961441040039,22.331817626953125,,,,,,12.474720001220703,,,0.6105853319168091,,,0.7083330154418945,,,,,5.239757061004639,,,8.291154861450195,,35.5,,,
2000-03-31 00:00:00+00:00,,,,16.200502395629883,,,,,,,,0.2222220003604889,,33.60804748535156,,13.85216236114502,,,,,,,,11.108467102050781,,,,1.8645159006118774,,,1.819443941116333,,12.486315727233887,4.310917854309082,3.6875,,,,,8.547904968261719,,8.26016902923584,,,,14.251062393188477,,5.945272445678711,,1.8691483736038208,7.258386611938477,,,,52.65625,,0.6279320120811462,,,,4.2916669845581055,,,,4.47776985168457,,75.8924560546875,,13.625,18.5,5.875,4.558997631072998,,,,,,,,,22.22222137451172,7.532426357269287,0.508014440536499,0.9230981469154358,,,54.0,,,8.383641242980957,,,,10.84270191192627,25.06566047668457,,,4.875418663024902,6.582211971282959,25.128849029541016,,,,,,13.860794067382812,,,0.6263766288757324,,,0.7291669845581055,,,,,5.2605509757995605,,,8.83278751373291,,37.25,,,
2000-04-03 00:00:00+00:00,,,,16.231727600097656,,,,,,,,0.20833300054073334,,31.859649658203125,,13.314769744873047,,,,,,,,10.894155502319336,,,,1.8141236305236816,,,1.7847219705581665,,12.672122955322266,4.244779109954834,3.674999952316284,,,,,8.547904968261719,,8.4955415725708,,,,13.954848289489746,,5.780583381652832,,1.8842463493347168,6.311640739440918,,,,26.875,,0.6606090068817139,,,,3.84375,,,,4.130517482757568,,68.60401153564453,,13.375,15.8125,6.375,4.412659168243408,,,,,,,,,21.30555534362793,7.6242804527282715,0.508014440536499,0.9205967783927917,,,54.25,,,8.306730270385742,,,,10.750960350036621,26.3574161529541,,,5.162205219268799,6.506840229034424,24.018905639648438,,,,,,13.202996253967285,,,0.6105853319168091,,,0.7604169845581055,,,,,4.990245819091797,,,8.624467849731445,,37.34375,,,
2000-04-04 00:00:00+00:00,,,,16.29943084716797,,,,,,,,0.19444400072097778,,29.479894638061523,,13.18826961517334,,,,,,,,10.501252174377441,,,,1.9098694324493408,,,1.8402780294418335,,13.043737411499023,4.244779109954834,3.5999999046325684,,,,,8.587388038635254,,8.002392768859863,,,,13.823197364807129,,5.451204776763916,,1.8842463493347168,7.225512981414795,,,,22.890625,,0.6570770144462585,,,,3.2916669845581055,,,,4.377251148223877,,74.90911102294922,,12.875,14.875,6.0625,4.36763334274292,,,,,,,,,21.05555534362793,8.359152793884277,0.5106746554374695,0.9055871963500977,,,54.4375,,,8.268266677856445,,,,10.860930442810059,26.12381362915039,,,4.990133762359619,6.356103897094727,23.930118560791016,,,,,,12.68615436553955,,,0.5947942733764648,,,0.7473959922790527,,,,,5.114999771118164,,,7.999505996704102,,37.5625,,,
2000-04-05 00:00:00+00:00,,,,16.29943084716797,,,,,,,,0.20486100018024445,,30.548364639282227,,13.441271781921387,,,,,,,,10.572689056396484,,,,1.8342807292938232,,,1.7777780294418335,,12.85793685913086,4.226743221282959,3.456249952316284,,,,,8.70583724975586,,8.428290367126465,,,,14.218143463134766,,5.368860244750977,,1.9144421815872192,7.271534442901611,,,,23.671875,,0.6641420125961304,,,,3.7604169845581055,,,,4.377251148223877,,80.52007293701172,,12.9375,16.0,5.875,4.457686901092529,,,,,,,,,21.833332061767578,8.496939659118652,0.4627985656261444,0.8805708885192871,,,54.875,,,8.345185279846191,,,,10.640408515930176,25.43671226501465,,,5.0188140869140625,6.230489253997803,24.285289764404297,,,,,,13.13252067565918,,,0.6132175326347351,,,0.7265629768371582,,,,,5.114999771118164,,,8.416147232055664,,41.5625,,,
2000-04-06 00:00:00+00:00,,,,15.923295021057129,,,,,,,,0.19444400072097778,,31.47113609313965,,13.694286346435547,,,,,,,,11.090606689453125,,,,1.8544375896453857,,,1.7777780294418335,,12.597797393798828,4.292881011962891,3.424999952316284,,,,,8.745314598083496,,8.248969078063965,,,,14.87639045715332,,5.813520908355713,,1.902363896369934,7.3504319190979,,,,24.921875,,0.7277299761772156,,,,4.0208330154418945,,,,4.240174770355225,,89.08110809326172,,13.0,15.8125,6.6875,4.390148162841797,,,,,,,,,23.55555534362793,8.313225746154785,0.42822179198265076,0.8830729126930237,,,55.8125,,,8.422096252441406,,,,10.695687294006348,25.945167541503906,,,5.047490119934082,6.230489253997803,24.818069458007812,,,,,,13.625865936279297,,,0.6132175326347351,,,0.7760419845581055,,,,,5.011038303375244,,,8.624467849731445,,41.1875,,,
2000-04-07 00:00:00+00:00,,,,15.672527313232422,,,,,,,,0.19444400072097778,,32.053932189941406,,13.59914779663086,,,,,,,,10.697705268859863,,,,1.935065746307373,,,1.8333330154418945,,12.560636520385742,4.322940826416016,3.862499952316284,,,,,8.824277877807617,,7.867900371551514,,,,15.402993202209473,,5.8629279136657715,,1.9114232063293457,7.271534442901611,,,,28.125,,0.7065340280532837,,,,4.0520830154418945,,,,4.130517482757568,,90.7007827758789,,13.03125,15.9375,8.0,4.345119953155518,,,,,,,,,24.05555534362793,8.175434112548828,0.4627985656261444,0.8924533128738403,,,55.875,,,8.383641242980957,,,,10.548669815063477,25.395477294921875,,,5.190887928009033,6.230489253997803,24.551679611206055,,,,,,14.659564018249512,,,0.6053219437599182,,,0.7916669845581055,,,,,4.96945333480835,,,8.082834243774414,,40.875,,,
2000-04-10 00:00:00+00:00,,,,15.108322143554688,,,,,,,,0.1875,,30.354095458984375,,13.662408828735352,,,,,,,,10.590543746948242,,,,1.8544375896453857,,,1.7708330154418945,,13.155219078063965,4.292881011962891,3.7125000953674316,,,,,8.824277877807617,,7.6549553871154785,,,,14.843485832214355,,6.044084548950195,,1.9386005401611328,7.547670364379883,,,,29.0625,,0.6570770144462585,,,,3.7916669845581055,,,,4.075686454772949,,87.11436462402344,,13.4375,15.875,6.6875,4.1987810134887695,,,,,,,,,22.333332061767578,8.680659294128418,0.45215946435928345,0.8855743408203125,,,55.375,,,8.306730270385742,,,,10.622176170349121,25.46417808532715,,,4.875418663024902,6.180243492126465,24.684865951538086,,,,,,13.015057563781738,,,0.5868989825248718,,,0.7786459922790527,,,,,5.011038303375244,,,7.082895755767822,,39.6875,,,
2000-04-11 00:00:00+00:00,,,,15.421768188476562,,,,,,,,0.1875,,29.479894638061523,,13.409396171569824,,,,,,,,10.769140243530273,,,,1.8645159006118774,,,1.736111044883728,,13.378196716308594,4.19066858291626,3.512500047683716,,,,,8.863761901855469,,7.6549553871154785,,,,14.382707595825195,,5.747644901275635,,1.9446381330490112,7.472064018249512,,,,26.40625,,0.6747400164604187,,,,3.46875,,,,4.240174770355225,,85.3211898803711,,13.0625,15.625,7.0625,4.131241321563721,,,,,,,,,21.77777862548828,8.405081748962402,0.4627985656261444,0.8830729126930237,,,55.0,,,8.249043464660645,,,,11.044990539550781,25.87645149230957,,,4.961455345153809,6.180243492126465,24.551679611206055,,,,,,13.473163604736328,,,0.5868989825248718,,,0.7643229961395264,,,,,5.114999771118164,,,6.832911014556885,,35.75,,,
2000-04-12 00:00:00+00:00,,,,15.421768188476562,,,,,,,,0.19444400072097778,,25.740276336669922,,13.346145629882812,,,,,,,,10.786999702453613,,,,2.0358495712280273,,,1.7222219705581665,,13.972776412963867,4.262815952301025,3.2562499046325684,,,,,8.982208251953125,,7.80065393447876,,,,14.349799156188965,,5.500611782073975,,1.9144421815872192,7.021699905395508,,,,25.078125,,0.6641420125961304,,,,3.34375,,,,4.12137508392334,,78.14842987060547,,13.0,15.5625,6.625,4.18752384185791,,,,,,,,,21.13888931274414,8.12950611114502,0.4415203928947449,0.8680630326271057,,,54.8125,,,8.345185279846191,,,,11.26551342010498,26.343687057495117,,,5.248246192932129,6.205366611480713,24.551679611206055,,,,,,13.461413383483887,,,0.5974264144897461,,,0.7916669845581055,,,,,5.198171138763428,,,6.332942008972168,,32.875,,,
2000-04-13 00:00:00+00:00,,,,14.794869422912598,,,,,,,,0.19444400072097778,,26.663034439086914,,13.441271781921387,,,,,,,,11.019169807434082,,,,2.0459280014038086,,,1.736111044883728,,14.30724048614502,4.292881011962891,3.075000047683716,,,,,9.100653648376465,,7.92393684387207,,,,14.810572624206543,,5.023013114929199,,1.8842463493347168,7.100593090057373,,,,23.3203125,,0.6500110030174255,,,,3.3333330154418945,,,,4.404665946960449,,77.16505432128906,,12.90625,16.1875,6.0,4.2325520515441895,,,,,,,,,21.166667938232422,7.8539276123046875,0.4627985656261444,0.8655608892440796,,,54.75,,,8.388480186462402,,,,11.320207595825195,25.354248046875,,,5.076170444488525,6.205366611480713,25.617219924926758,,,,,,12.68615436553955,,,0.5895307064056396,,,0.7864580154418945,,,,,5.218966007232666,,,6.416270732879639,,32.40625,,,
2000-04-14 00:00:00+00:00,,,,14.669486999511719,,,,,,,,0.1840279996395111,,25.060340881347656,,12.808758735656738,,,,,,,,10.786999702453613,,,,2.056006669998169,,,1.725693941116333,,14.009942054748535,4.268829345703125,2.737499952316284,,,,,9.080913543701172,,8.013602256774902,,,,14.514352798461914,,4.545415878295898,,1.8570703268051147,6.837609767913818,,,,20.859375,,0.6005539894104004,,,,3.0729169845581055,,,,4.3315582275390625,,69.81877899169922,,13.125,13.875,5.5,4.266319751739502,,,,,,,,,20.52777862548828,7.486493110656738,0.4627985656261444,0.8230334520339966,,,53.8125,,,8.407808303833008,,,,10.80565071105957,23.554035186767578,,,5.133528709411621,6.180243492126465,24.32969856262207,,,,,,12.004863739013672,,,0.5921624302864075,,,0.7682290077209473,,,,,5.03183126449585,,,5.499660491943359,,23.5,,,
2000-04-17 00:00:00+00:00,,,,14.669486999511719,,,,,,,,0.18055599927902222,,25.157482147216797,,12.808758735656738,,,,,,,,10.858437538146973,,,,1.9955370426177979,,,1.763888955116272,,14.418716430664062,4.268829345703125,2.8125,,,,,9.080913543701172,,7.901520729064941,,,,15.139679908752441,,4.94066858291626,,1.8691483736038208,6.324790000915527,,,,20.15625,,0.6146849989891052,,,,3.3958330154418945,,,,4.2675886154174805,,80.75143432617188,,12.9375,14.625,5.8125,4.35385274887085,,,,,,,,,21.36111068725586,7.44056510925293,0.4415203928947449,0.8430464267730713,,,52.75,,,8.620416641235352,,,,10.971482276916504,23.677717208862305,,,5.30560302734375,6.029504776000977,24.818069458007812,,,,,,13.343953132629395,,,0.6316401958465576,,,0.75,,,,,5.239757061004639,,,5.832973003387451,,23.15625,,,
2000-04-18 00:00:00+00:00,,,,14.38737678527832,,,,,,,,0.20138899981975555,,27.500810623168945,,12.935256004333496,,,,,,,,10.876297950744629,,,,1.9149065017700195,,,1.805556058883667,,14.121429443359375,4.395090579986572,2.9000000953674316,,,,,9.100653648376465,,8.114473342895508,,,,15.53464126586914,,4.825387001037598,,1.844990611076355,7.403026103973389,,,,23.125,,0.6500110030174255,,,,3.3125,,,,4.47776985168457,,85.08983612060547,,12.59375,16.5625,5.9375,4.5125861167907715,,,,,,,,,22.166667938232422,7.44056510925293,0.4362008571624756,0.8405452370643616,,,52.75,,,9.045642852783203,,,,10.824470520019531,22.866928100585938,,,5.621069431304932,6.00438117980957,24.906862258911133,,,,,,14.236681938171387,,,0.6237447261810303,,,0.7369790077209473,,,,,5.302135944366455,,,6.582926273345947,,27.5,,,
2000-04-19 00:00:00+00:00,,,,13.979897499084473,,,,,,,,0.18055599927902222,,29.528461456298828,,12.745506286621094,,,,,,,,10.929872512817383,,,,1.8846722841262817,,,1.7222219705581665,,14.232906341552734,4.401103973388672,2.84375,,,,,9.080913543701172,,7.935147762298584,,,,15.304247856140137,,4.710104942321777,,1.8570703268051147,7.396456241607666,,,,21.5625,,0.6924030184745789,,,,3.25,,,,4.44121789932251,,85.26336669921875,,12.6875,17.125,5.875,4.444557189941406,,,,,,,,,20.63888931274414,7.30277681350708,0.4574790596961975,0.8305386304855347,,,52.8125,,,9.277583122253418,,,,10.84270191192627,22.42717933654785,,,5.506356239318848,5.979255676269531,24.418495178222656,,,,,,15.176396369934082,,,0.5684759020805359,,,0.7291669845581055,,,,,5.302135944366455,,,6.666255474090576,,29.0,,,
2000-04-20 00:00:00+00:00,,,,14.105279922485352,,,,,,,,0.1840279996395111,,28.60569953918457,,12.840129852294922,,,,,,,,11.126324653625488,,,,1.874595284461975,,,1.7083330154418945,,14.604525566101074,4.377054214477539,2.762500047683716,,,,,9.080913543701172,,7.991185188293457,,,,15.797933578491211,,4.775979995727539,,1.8691483736038208,7.25181245803833,,,,20.390625,,0.7418609857559204,,,,4.1979169845581055,,,,4.532600402832031,,89.13896179199219,,12.5625,17.0625,5.5625,4.387866973876953,,,,,,,,,24.25,7.532426357269287,0.4574790596961975,0.8330398201942444,,,53.1875,,,8.891011238098145,,,,10.971482276916504,23.169246673583984,,,4.904098987579346,5.954134941101074,23.79693603515625,,,,,,14.495097160339355,,,0.5684759020805359,,,0.7265629768371582,,,,,5.281344890594482,,,6.666255474090576,,26.0625,,,
2000-04-24 00:00:00+00:00,,,,13.979897499084473,,,,,,,,0.18055599927902222,,29.09136390686035,,13.219639778137207,,,,,,,,10.929872512817383,,,,1.773809790611267,,,1.680556058883667,,15.533568382263184,4.359014511108398,2.6624999046325684,,,,,9.021693229675293,,7.890313148498535,,,,15.797933578491211,,4.759511470794678,,1.8661292791366577,7.054574489593506,,,,20.859375,,0.7453929781913757,,,,4.2083330154418945,,,,4.788473606109619,,85.6104507446289,,12.5625,17.8125,5.3125,4.399205684661865,,,,,,,,,24.166667938232422,7.30277681350708,0.4468398690223694,0.8355417847633362,,,53.625,,,8.81369686126709,,,,10.695687294006348,23.966291427612305,,,4.990133762359619,5.929014682769775,23.88572120666504,,,,,,14.870991706848145,,,0.552685558795929,,,0.6901040077209473,,,,,5.1773810386657715,,,6.416270732879639,,24.9375,,,
2000-04-25 00:00:00+00:00,,,,14.073929786682129,,,,,,,,0.20833300054073334,,30.791196823120117,,13.59914779663086,,,,,,,,11.358494758605957,,,,1.8947514295578003,,,1.7083330154418945,,16.09099578857422,4.401103973388672,2.3499999046325684,,,,,9.120399475097656,,8.058430671691895,,,,15.53464126586914,,5.204171180725098,,1.9144421815872192,7.409605503082275,,,,21.875,,0.7206649780273438,,,,4.5208330154418945,,,,4.861579418182373,,95.67545318603516,,12.5625,19.1875,5.0,4.467235088348389,,,,,,,,,25.69444465637207,7.394636154174805,0.45215946435928345,0.8605586886405945,,,53.5,,,9.4515380859375,,,,11.301973342895508,23.746423721313477,,,5.30560302734375,5.929014682769775,24.32969856262207,,,,,,14.75352954864502,,,0.5895307064056396,,,0.7604169845581055,,,,,5.198171138763428,,,5.999629497528076,,26.6875,,,
2000-04-26 00:00:00+00:00,,,,14.51276969909668,,,,,,,,0.1840279996395111,,30.305543899536133,,13.156391143798828,,,,,,,,12.287186622619629,,,,1.8544375896453857,,,1.725693941116333,,16.425445556640625,4.49730110168457,2.5,,,,,9.120399475097656,,8.125682830810547,,,,15.53464126586914,,5.368860244750977,,1.9808743000030518,6.719267845153809,,,,20.15625,,0.7347949743270874,,,,4.3541669845581055,,,,4.9529643058776855,,94.57637023925781,,12.71875,19.625,5.25,4.399205684661865,,,,,,,,,24.25,7.1649861335754395,0.45215946435928345,0.8480497598648071,,,59.0,,,9.277583122253418,,,,11.26551342010498,23.210485458374023,,,5.190887928009033,5.929014682769775,24.018905639648438,,,,,,13.531901359558105,,,0.5947942733764648,,,0.7291669845581055,,,,,5.322928428649902,,,5.999629497528076,,26.625,,,
2000-04-27 00:00:00+00:00,,,,14.606799125671387,,,,,,,,0.2222220003604889,,31.61683464050293,,13.219639778137207,,,,,,,,12.57292652130127,,,,1.8544375896453857,,,1.763888955116272,,16.128154754638672,4.49730110168457,2.4375,,,,,9.140140533447266,,7.991185188293457,,,,15.765031814575195,,5.945272445678711,,1.9718141555786133,7.304410934448242,,,,20.625,,0.7277299761772156,,,,4.3333330154418945,,,,5.126591682434082,,99.89811706542969,,12.9375,18.125,5.375,4.467235088348389,,,,,,,,,25.166667938232422,6.430119037628174,0.4362008571624756,0.8405452370643616,,,59.0,,,9.586832046508789,,,,10.989714622497559,23.966291427612305,,,5.0188140869140625,6.230489253997803,24.107707977294922,,,,,,15.129412651062012,,,0.6053219437599182,,,0.7291669845581055,,,,,5.218966007232666,,,6.041294097900391,,27.40625,,,
2000-04-28 00:00:00+00:00,,,,14.920248031616211,,,,,,,,0.2222220003604889,,31.665386199951172,,13.18826961517334,,,,,,,,12.090727806091309,,,,1.8342807292938232,,,1.710068941116333,,15.422082901000977,4.4612298011779785,2.398437976837158,,,,,8.9624662399292,,8.013602256774902,,,,15.139679908752441,,6.060554504394531,,1.9386005401611328,7.481923580169678,,,,20.390625,,0.7065340280532837,,,,4.6041669845581055,,,,5.382463455200195,,101.80699157714844,,12.75,17.5,5.375,4.433218002319336,,,,,,,,,25.333332061767578,6.613836288452148,0.46811819076538086,0.8455483913421631,,,62.0,,,9.664149284362793,,,,10.824470520019531,24.845796585083008,,,5.190887928009033,6.381227970123291,24.551679611206055,,,,,,14.84751033782959,,,0.6053219437599182,,,0.71875,,,,,5.239757061004639,,,6.416270732879639,,30.9375,,,
2000-05-01 00:00:00+00:00,,,,14.16796588897705,,,,,,,,0.2222220003604889,,32.53959274291992,,13.219639778137207,,,,,,,,12.322897911071777,,,,1.8544375896453857,,,1.7152780294418335,,15.49640941619873,4.5033135414123535,2.387500047683716,,,,,9.001953125,,8.136892318725586,,,,15.63337230682373,,6.027616500854492,,1.9536974430084229,7.836952209472656,,,,22.34375,,0.6994689702987671,,,,5.125,,,,5.2819437980651855,,101.17070770263672,,13.375,18.0625,5.75,4.399205684661865,,,,,,,,,25.5,6.613836288452148,0.4468398690223694,0.8805708885192871,,,63.25,,,10.050710678100586,,,,11.081452369689941,25.50541877746582,,,5.4489970207214355,6.431474208831787,24.86246109008789,,,,,,15.035453796386719,,,0.6079537868499756,,,0.75,,,,,5.281344890594482,,,6.9579033851623535,,35.0,,,
2000-05-02 00:00:00+00:00,,,,14.16796588897705,,,,,,,,0.20486100018024445,,30.548364639282227,,12.619001388549805,,,,,,,,12.090727806091309,,,,1.8242014646530151,,,1.701388955116272,,15.384919166564941,4.443192481994629,2.075000047683716,,,24.0,,9.041435241699219,,7.92393684387207,,,,15.600460052490234,,5.961740493774414,,1.962756633758545,7.396456241607666,,,,20.078125,,0.6676750183105469,,,,5.3645830154418945,,,,5.2179741859436035,,99.95594024658203,,13.25,18.125,5.0625,4.263147354125977,,,,,,,,,23.30555534362793,6.430119037628174,0.4574790596961975,0.8880761861801147,,,62.0,,,9.838102340698242,,,,11.136735916137695,26.343687057495117,,,5.362958908081055,6.406350135803223,24.86246109008789,,,,,,14.066315650939941,,,0.5974264144897461,,,0.7083330154418945,,,,,5.198171138763428,,,7.291216850280762,,33.9375,,,
2000-05-03 00:00:00+00:00,,,,14.16796588897705,,,,,,,,0.20833300054073334,,29.96556854248047,,12.397363662719727,,,,,,,,12.197882652282715,,,,1.7637310028076172,,,1.7222219705581665,,15.12479305267334,4.467240810394287,2.125,,,22.5,,9.140140533447266,,7.755821704864502,,,,15.567546844482422,,5.747644901275635,,1.9508806467056274,7.547670364379883,,,,20.390625,,0.6782730221748352,,,,5.1354169845581055,,,,5.071760177612305,,92.72535705566406,,13.0,18.0,5.125,4.161102294921875,,,,,,,,,23.52777862548828,6.292326927185059,0.46811819076538086,0.8830729126930237,,,61.0,,,9.567506790161133,,,,11.099684715270996,25.120643615722656,,,5.4489970207214355,6.381227970123291,23.930118560791016,,,,,,14.301548957824707,,,0.5895307064056396,,,0.7395830154418945,,,,,5.156585216522217,,,7.041232109069824,,35.3125,,,
2000-05-04 00:00:00+00:00,,,,14.356033325195312,,,,,,,,0.20833300054073334,,30.49981117248535,,13.093133926391602,,,,,,,,12.072870254516602,,,,1.7334954738616943,,,1.7777780294418335,,15.49640941619873,4.5454020500183105,2.125,,,21.125,,9.100653648376465,,7.778235912322998,,,,15.797933578491211,,5.879396438598633,,1.9629982709884644,7.626566410064697,,,,21.25,,0.6641420125961304,,,,5.8333330154418945,,,,5.126591682434082,,97.12153625488281,,13.0625,18.125,5.0625,4.263147354125977,,,,,,,,,23.5,6.47604513168335,0.46811819076538086,0.875568151473999,,,61.625,,,9.62548828125,,,,11.099684715270996,25.550077438354492,,,5.735787391662598,6.431474208831787,24.951255798339844,,,,,,14.866085052490234,,,0.60005784034729,,,0.75,,,,,5.156585216522217,,,7.082895755767822,,36.703125,,,
2000-05-05 00:00:00+00:00,,,,14.16796588897705,,,,,,,,0.20833300054073334,,29.625595092773438,,12.397363662719727,,,,,,,,12.287186622619629,,,,1.874595284461975,,,1.7777780294418335,,15.199113845825195,4.623565196990967,2.4375,,,20.875,,9.140140533447266,,7.92393684387207,,,,16.061243057250977,,6.077023506164551,,1.9539095163345337,8.356345176696777,,,,20.9375,,0.6570770144462585,,,,6.0,,,,5.2179741859436035,,100.53441619873047,,12.9375,18.6875,5.0625,4.251809597015381,,,,,,,,,24.25,6.70569372177124,0.46811819076538086,0.8855743408203125,,,62.5,,,9.896087646484375,,,,10.89797592163086,25.99325942993164,,,5.764461517333984,6.406350135803223,25.306425094604492,,,,,,15.00721549987793,,,0.5947942733764648,,,0.7578129768371582,,,,,4.990245819091797,,,7.374544620513916,,37.46875,,,
2000-05-08 00:00:00+00:00,,,,14.418724060058594,,,,,,,,0.20833300054073334,,28.26573371887207,,12.270853996276855,,,,,,,,12.144306182861328,,,,1.8342807292938232,,,1.743056058883667,,15.459244728088379,4.599514961242676,2.424999952316284,,,20.25,,9.120399475097656,,7.666159152984619,,,,15.765031814575195,,5.797051429748535,,1.9508806467056274,8.356345176696777,,,,25.9375,,0.6570770144462585,,,,5.75,,,,5.2179741859436035,,93.88225555419922,,12.96875,18.3125,4.875,4.263147354125977,,,,,,,,,22.38888931274414,6.567907810211182,0.45215946435928345,0.8630595803260803,,,62.3125,,,9.876755714416504,,,,10.80565071105957,25.409225463867188,,,5.506356239318848,6.406350135803223,24.72926902770996,,,,,,13.784049034118652,,,0.5942659378051758,,,0.71875,,,,,5.156585216522217,,,7.332880020141602,,35.125,,,
2000-05-09 00:00:00+00:00,,,,14.356033325195312,,,,,,,,0.20833300054073334,,27.925769805908203,,12.176236152648926,,,,,,,,11.769257545471191,,,,1.7637310028076172,,,1.694443941116333,,15.347764015197754,4.491289138793945,2.262500047683716,,,20.1875,,9.061172485351562,,7.576491355895996,,,,15.600460052490234,,5.714707374572754,,1.9569398164749146,8.152534484863281,,,,25.078125,,0.653544008731842,,,,5.5208330154418945,,,,5.071760177612305,,86.767333984375,,12.875,18.875,4.375,4.206457138061523,,,,,,,,,21.55555534362793,6.567907810211182,0.42822179198265076,0.8630595803260803,,,62.625,,,9.954070091247559,,,,10.732145309448242,25.68750762939453,,,5.506356239318848,6.255612850189209,24.37409210205078,,,,,,13.854629516601562,,,0.5942659378051758,,,0.75,,,,,5.1773810386657715,,,7.4162092208862305,,33.71875,,,
